{
  "title": "Collaborative Spirit",
  "text": "TekEbin believes in developing true partnerships. We foster a collegial environment where individual perspectives are respected, and honest dialogue is expected.",
  "text1": "",
  "text2": "",
  "section": [
    {
      "title": "Expert Thinking",
      "content": "TekEbin brings solid skills and forward-looking perspectives to solve customer challenges. We use proven knowledge to make recommendations and provide expert guidance to our customers.",
      "icon": "expert_thinking.png"
    },
    {
      "title": "Unrelenting Dedication",
      "content": "TekEbin is driven to meet client needs with determination and grit. We embrace tough challenges and do not rest until the problem is solved the right way.",
      "icon": "dedication.png"
    }
  ]
}

